<?xml version="1.0" encoding="UTF-8"?>
<!DOCTYPE mapper PUBLIC "-//mybatis.org//DTD Mapper 3.0//EN" "http://mybatis.org/dtd/mybatis-3-mapper.dtd">

<mapper namespace="com.enstudy.demo.dao.AssortMapper">
  <resultMap id="BaseResultMap" type="com.enstudy.demo.pojo.Assort">
    <id column="id" jdbcType="INTEGER" property="id" />
    <result column="name" jdbcType="VARCHAR" property="name" />
    <result column="status" jdbcType="VARCHAR" property="status" />
    <result column="created_at" jdbcType="TIMESTAMP" property="createdAt" />
    <result column="updated_at" jdbcType="TIMESTAMP" property="updatedAt" />
  </resultMap>
  <sql id="Base_Column_List">
    id,
    name,
    status,
    created_at,
    updated_at
  </sql>
  <select id="selectByPrimaryKey" parameterType="java.lang.Integer" resultMap="BaseResultMap">
    select 
    <include refid="Base_Column_List" />
    from assort
    where id = #{id,jdbcType=INTEGER}
  </select>
  <delete id="deleteByPrimaryKey" parameterType="java.lang.Integer">
    delete from assort
    where id = #{id,jdbcType=INTEGER}
  </delete>

  <insert id="insertSelective" parameterType="com.enstudy.demo.pojo.Assort">
    insert into assort
    <trim prefix="(" suffix=")" suffixOverrides=",">
      <if test="id != null">
        id,
      </if>
      <if test="name != null">
        name,
      </if>
      <if test="status != null">
        status,
      </if>
      <if test="createdAt != null">
        created_at,
      </if>
      <if test="updatedAt != null">
        updated_at
      </if>
    </trim>
    <trim prefix="values (" suffix=")" suffixOverrides=",">
      <if test="id != null">
        #{id,jdbcType=INTEGER},
      </if>
      <if test="name != null">
        #{name,jdbcType=VARCHAR},
      </if>
      <if test="status != null">
        #{status,jdbcType=VARCHAR},
      </if>
      <if test="createdAt != null">
        #{createdAt,jdbcType=TIMESTAMP},
      </if>
      <if test="updatedAt != null">
        #{updatedAt,jdbcType=TIMESTAMP}
      </if>
    </trim>
  </insert>
  
  <update id="updateByPrimaryKeySelective" parameterType="HashMap">
    update assort
    <set>
      <if test="id != null">
        id = #{id,jdbcType=INTEGER},
      </if>
      <if test="name != null">
        name = #{name,jdbcType=VARCHAR},
      </if>
      <if test="status != null">
        status = #{status,jdbcType=VARCHAR},
      </if>
      <if test="createdAt != null">
        created_at = #{createdAt,jdbcType=TIMESTAMP},
      </if>
      <if test="updatedAt != null">
        updated_at = #{updatedAt,jdbcType=TIMESTAMP}
      </if>
    </set>
    where id = #{id,jdbcType=INTEGER} and updated_at = #{previousUpdatedAt,jdbcType=TIMESTAMP}
  </update>
 
  <select id="listPageAssort" parameterType="HashMap" resultType="HashMap">
    SELECT
        t.id id,
        t.name name,
        t.status status,
        DATE_FORMAT(t.`updated_at`, "%Y-%m-%d %H:%i:%s") as updatedAt
    FROM assort t
    WHERE 1=1
    <if test="name!=null">
      AND t.name LIKE '%${name}%'
    </if>
    order by
    <if test="orderColumn!=null">
      t.${orderColumn} <if test="orderType=='descending'">desc</if>,
    </if>
    t.id desc
  </select>

  
  <delete id="deleteAssortByIds">
    DELETE FROM assort
    WHERE id IN
    <foreach collection="array" open="(" separator="," close=")" item="one">
      #{one}
    </foreach>
  </delete>

  <select id="selectByName" parameterType="java.lang.String" resultMap="BaseResultMap">
    select
    <include refid="Base_Column_List" />
    from assort
    where name = #{name,jdbcType=VARCHAR}
  </select>
  
  <select id="listValidAssort" parameterType="HashMap" resultMap="BaseResultMap">
    select
    <include refid="Base_Column_List" />
    from assort
    where status='V' 
  </select>
  
  <select id="listPageValidAssort" parameterType="HashMap" resultMap="BaseResultMap">
    select
    <include refid="Base_Column_List" />
    from assort
    where status='V' 
  </select>

</mapper>