<?xml version="1.0" encoding="UTF-8"?>
<!DOCTYPE mapper PUBLIC "-//mybatis.org//DTD Mapper 3.0//EN" "http://mybatis.org/dtd/mybatis-3-mapper.dtd">

<mapper namespace="com.enstudy.demo.dao.UserMapper">
  <resultMap id="BaseResultMap" type="com.enstudy.demo.pojo.User">
    <id column="id" jdbcType="INTEGER" property="id" />
    <result column="username" jdbcType="VARCHAR" property="username" />
    <result column="nickname" jdbcType="VARCHAR" property="nickname" />
    <result column="password" jdbcType="VARCHAR" property="password" />
    <result column="salt" jdbcType="VARCHAR" property="salt" />
    <result column="image" jdbcType="VARCHAR" property="image" />
    <result column="image_size" jdbcType="INTEGER" property="imageSize" />
    <result column="email" jdbcType="VARCHAR" property="email" />
    <result column="phone" jdbcType="VARCHAR" property="phone" />
    <result column="created_at" jdbcType="TIMESTAMP" property="createdAt" />
    <result column="updated_at" jdbcType="TIMESTAMP" property="updatedAt" />
  </resultMap>
  <sql id="Base_Column_List">
    id,
    username,
    nickname,
    password,
    salt,
    image,
    image_size,
    email,
    phone,
    created_at,
    updated_at
  </sql>
  <select id="selectByPrimaryKey" parameterType="java.lang.Integer" resultMap="BaseResultMap">
    select 
    <include refid="Base_Column_List" />
    from user
    where id = #{id,jdbcType=INTEGER}
  </select>
  <delete id="deleteByPrimaryKey" parameterType="java.lang.Integer">
    delete from user
    where id = #{id,jdbcType=INTEGER}
  </delete>

  <insert id="insertSelective" parameterType="com.enstudy.demo.pojo.User">
    insert into user
    <trim prefix="(" suffix=")" suffixOverrides=",">
      <if test="id != null">
        id,
      </if>
      <if test="username != null">
        username,
      </if>
      <if test="nickname != null">
        nickname,
      </if>
      <if test="password != null">
        password,
      </if>
      <if test="salt != null">
        salt,
      </if>
      <if test="image != null">
        image,
      </if>
      <if test="imageSize != null">
        image_size,
      </if>
      <if test="email != null">
        email,
      </if>
      <if test="phone != null">
        phone,
      </if>
      <if test="createdAt != null">
        created_at,
      </if>
      <if test="updatedAt != null">
        updated_at
      </if>
    </trim>
    <trim prefix="values (" suffix=")" suffixOverrides=",">
      <if test="id != null">
        #{id,jdbcType=INTEGER},
      </if>
      <if test="username != null">
        #{username,jdbcType=VARCHAR},
      </if>
      <if test="nickname != null">
        #{nickname,jdbcType=VARCHAR},
      </if>
      <if test="password != null">
        #{password,jdbcType=VARCHAR},
      </if>
      <if test="salt != null">
        #{salt,jdbcType=VARCHAR},
      </if>
      <if test="image != null">
        #{image,jdbcType=VARCHAR},
      </if>
      <if test="imageSize != null">
        #{imageSize,jdbcType=INTEGER},
      </if>
      <if test="email != null">
        #{email,jdbcType=VARCHAR},
      </if>
      <if test="phone != null">
        #{phone,jdbcType=VARCHAR},
      </if>
      <if test="createdAt != null">
        #{createdAt,jdbcType=TIMESTAMP},
      </if>
      <if test="updatedAt != null">
        #{updatedAt,jdbcType=TIMESTAMP}
      </if>
    </trim>
  </insert>
  
  <update id="updateByPrimaryKeySelective" parameterType="HashMap">
    update user
    <set>
      <if test="id != null">
        id = #{id,jdbcType=INTEGER},
      </if>
      <if test="username != null">
        username = #{username,jdbcType=VARCHAR},
      </if>
      <if test="nickname != null">
        nickname = #{nickname,jdbcType=VARCHAR},
      </if>
      <if test="password != null">
        password = #{password,jdbcType=VARCHAR},
      </if>
      <if test="salt != null">
        salt = #{salt,jdbcType=VARCHAR},
      </if>
      <if test="image != null">
        image = #{image,jdbcType=VARCHAR},
      </if>
      <if test="imageSize != null">
        image_size = #{imageSize,jdbcType=INTEGER},
      </if>
      <if test="email != null">
        email = #{email,jdbcType=VARCHAR},
      </if>
      <if test="phone != null">
        phone = #{phone,jdbcType=VARCHAR},
      </if>
      <if test="createdAt != null">
        created_at = #{createdAt,jdbcType=TIMESTAMP},
      </if>
      <if test="updatedAt != null">
        updated_at = #{updatedAt,jdbcType=TIMESTAMP}
      </if>
    </set>
    where id = #{id,jdbcType=INTEGER} and updated_at = #{previousUpdatedAt,jdbcType=TIMESTAMP}
  </update>
 
  <select id="listPageUser" parameterType="HashMap" resultType="HashMap">
    SELECT
        t.id id,
        t.username username,
        t.nickname nickname,
        t.image_size imageSize,
        t.email email,
        t.phone phone,
        DATE_FORMAT(t.`updated_at`, "%Y-%m-%d %H:%i:%s") as updatedAt
    FROM user t
    WHERE 1=1
    <if test="username!=null">
      AND t.username LIKE '%${username}%'
    </if>
    order by
    <if test="orderColumn!=null">
      t.${orderColumn} <if test="orderType=='descending'">desc</if>,
    </if>
    t.id desc
  </select>

  
  <delete id="deleteUserByIds">
    DELETE FROM user
    WHERE id IN
    <foreach collection="array" open="(" separator="," close=")" item="one">
      #{one}
    </foreach>
  </delete>

  <select id="selectByNickname" parameterType="java.lang.String" resultMap="BaseResultMap">
    select
    <include refid="Base_Column_List" />
    from user
    where nickname = #{nickname,jdbcType=VARCHAR}
  </select>
  
  <select id="listValidUser" parameterType="HashMap" resultMap="BaseResultMap">
    select
    <include refid="Base_Column_List" />
    from user
  </select>
  
  <select id="listPageValidUser" parameterType="HashMap" resultMap="BaseResultMap">
    select
    <include refid="Base_Column_List" />
    from user
  </select>

  <select id="checkUser" resultType="com.enstudy.demo.pojo.User">
    select * from user where username = #{username};
  </select>

</mapper>