<?xml version="1.0" encoding="UTF-8"?>
<!DOCTYPE mapper PUBLIC "-//mybatis.org//DTD Mapper 3.0//EN" "http://mybatis.org/dtd/mybatis-3-mapper.dtd">

<mapper namespace="com.enstudy.demo.dao.VideoMapper">
  <resultMap id="BaseResultMap" type="com.enstudy.demo.pojo.Video">
    <id column="id" jdbcType="INTEGER" property="id" />
    <result column="title" jdbcType="VARCHAR" property="title" />
    <result column="video" jdbcType="VARCHAR" property="video" />
    <result column="video_size" jdbcType="VARCHAR" property="videoSize" />
    <result column="course_id" jdbcType="INTEGER" property="courseId" />
    <result column="created_at" jdbcType="TIMESTAMP" property="createdAt" />
    <result column="updated_at" jdbcType="TIMESTAMP" property="updatedAt" />
  </resultMap>
  <sql id="Base_Column_List">
    id,
    title,
    video,
    video_size,
    course_id,
    created_at,
    updated_at
  </sql>
  <select id="selectByPrimaryKey" parameterType="java.lang.Integer" resultMap="BaseResultMap">
    select 
    <include refid="Base_Column_List" />
    from video
    where id = #{id,jdbcType=INTEGER}
  </select>
  <delete id="deleteByPrimaryKey" parameterType="java.lang.Integer">
    delete from video
    where id = #{id,jdbcType=INTEGER}
  </delete>

  <insert id="insertSelective" parameterType="com.enstudy.demo.pojo.Video">
    insert into video
    <trim prefix="(" suffix=")" suffixOverrides=",">
      <if test="id != null">
        id,
      </if>
      <if test="title != null">
        title,
      </if>
      <if test="video != null">
        video,
      </if>
      <if test="videoSize != null">
        video_size,
      </if>
      <if test="courseId != null">
        course_id,
      </if>
      <if test="createdAt != null">
        created_at,
      </if>
      <if test="updatedAt != null">
        updated_at
      </if>
    </trim>
    <trim prefix="values (" suffix=")" suffixOverrides=",">
      <if test="id != null">
        #{id,jdbcType=INTEGER},
      </if>
      <if test="title != null">
        #{title,jdbcType=VARCHAR},
      </if>
      <if test="video != null">
        #{video,jdbcType=VARCHAR},
      </if>
      <if test="videoSize != null">
        #{videoSize,jdbcType=VARCHAR},
      </if>
      <if test="courseId != null">
        #{courseId,jdbcType=INTEGER},
      </if>
      <if test="createdAt != null">
        #{createdAt,jdbcType=TIMESTAMP},
      </if>
      <if test="updatedAt != null">
        #{updatedAt,jdbcType=TIMESTAMP}
      </if>
    </trim>
  </insert>
  
  <update id="updateByPrimaryKeySelective" parameterType="HashMap">
    update video
    <set>
      <if test="id != null">
        id = #{id,jdbcType=INTEGER},
      </if>
      <if test="title != null">
        title = #{title,jdbcType=VARCHAR},
      </if>
      <if test="video != null">
        video = #{video,jdbcType=VARCHAR},
      </if>
      <if test="videoSize != null">
        video_size = #{videoSize,jdbcType=VARCHAR},
      </if>
      <if test="courseId != null">
        course_id = #{courseId,jdbcType=INTEGER},
      </if>
      <if test="createdAt != null">
        created_at = #{createdAt,jdbcType=TIMESTAMP},
      </if>
      <if test="updatedAt != null">
        updated_at = #{updatedAt,jdbcType=TIMESTAMP}
      </if>
    </set>
    where id = #{id,jdbcType=INTEGER} and updated_at = #{previousUpdatedAt,jdbcType=TIMESTAMP}
  </update>
 
  <select id="listPageVideo" parameterType="HashMap" resultType="HashMap">
    SELECT
        t.id id,
        t.title title,
        t.video_size videoSize,
        t.course_id courseId,
        DATE_FORMAT(t.`updated_at`, "%Y-%m-%d %H:%i:%s") as updatedAt
    FROM video t
    WHERE 1=1
    <if test="title!=null">
      AND t.title LIKE '%${title}%'
    </if>
    <if test="videoSize!=null">
      AND t.video_size LIKE '%${videoSize}%'
    </if>
    order by
    <if test="orderColumn!=null">
      t.${orderColumn} <if test="orderType=='descending'">desc</if>,
    </if>
    t.id desc
  </select>

  
  <delete id="deleteVideoByIds">
    DELETE FROM video
    WHERE id IN
    <foreach collection="array" open="(" separator="," close=")" item="one">
      #{one}
    </foreach>
  </delete>

  <select id="selectByTitle" parameterType="java.lang.String" resultMap="BaseResultMap">
    select
    <include refid="Base_Column_List" />
    from video
    where title = #{title,jdbcType=VARCHAR}
  </select>
  
  <select id="listValidVideo" parameterType="HashMap" resultMap="BaseResultMap">
    select
    <include refid="Base_Column_List" />
    from video
  </select>
  
  <select id="listPageValidVideo" parameterType="HashMap" resultMap="BaseResultMap">
    select
    <include refid="Base_Column_List" />
    from video
  </select>

</mapper>